{
  "project_info": {
    "project_number": "188142212494",
    "project_id": "mobile-fe169",
    "storage_bucket": "mobile-fe169.appspot.com"
  },
  "client": [
    {
      "client_info": {
        "mobilesdk_app_id": "1:188142212494:android:53ff2c48113ee8fd8600df",
        "android_client_info": {
          "package_name": "com.example.mobile"
        }
      },
      "oauth_client": [],
      "api_key": [
        {
          "current_key": "AIzaSyCudZXMaXGISrItPe5Tvy2pJfMzAMNJ2aE"
        }
      ],
      "services": {
        "appinvite_service": {
          "other_platform_oauth_client": []
        }
      }
    }
  ],
  "configuration_version": "1"
}